{
  "train_loss": [
    0.163529876290831,
    0.08172221139861917,
    0.0776131861622391,
    0.0757964643996615,
    0.07553261568711601,
    0.07407505843753379,
    0.07257730426881721,
    0.06884072277325969,
    0.06864833686728936,
    0.06878941506443773
  ],
  "val_loss": [
    0.019866789721252262,
    0.021500735197369763,
    0.01944770695882694,
    0.020961183435962524,
    0.016114449471846884,
    0.02632993095174387,
    0.01665878069462286,
    0.0207058919011939,
    0.022392724878053785,
    0.016627004987503982
  ],
  "train_task_loss": [
    0.07678057602271747,
    0.021726470486997645,
    0.021767081724052013,
    0.02063398874161812,
    0.02062505488744046,
    0.020593193475166464,
    0.02029307155769301,
    0.018716991853040058,
    0.019429740832270965,
    0.020138760524565258
  ],
  "train_distill_loss": [
    0.04584874826971264,
    -0.01311430828424082,
    -0.013191012909547203,
    -0.01383932384972771,
    -0.014038270538938897,
    -0.0135269803882,
    -0.013599991986882828,
    -0.014132567659197818,
    -0.01450339447529543,
    -0.01357901728312884
  ],
  "train_peak_loss": [
    0.5110760614985511,
    0.3870806424390702,
    0.3666257524774188,
    0.36199565373715903,
    0.3611961099363509,
    0.3527097531727382,
    0.3461538148777826,
    0.33274254486674354,
    0.33092581090472994,
    0.32754771127587273
  ]
}