{
  "train_loss": [
    0.20122672624881163,
    0.05797631786469869,
    0.04838251034595254,
    0.04224616211836416,
    0.037765184855212415,
    0.0350143794937541,
    0.033359682001991346,
    0.03181127505237371,
    0.030367456131032082,
    0.029353090528702525,
    0.028345129853160428,
    0.028068462569427438,
    0.02756237744546895,
    0.02730507131827813,
    0.026964326312601705,
    0.026912511960547083,
    0.025970041039113132,
    0.025949347049719435,
    0.025918924763744276,
    0.025597910581724267,
    0.025455823512945404,
    0.02495066831703633,
    0.02458972405777077,
    0.024462964000944793,
    0.023922663527468885,
    0.023971309630172095,
    0.024281183993623997,
    0.02386173482627367,
    0.02386825916644799,
    0.02380120759292188,
    0.023500229037478334,
    0.02292253806424295,
    0.023072588589215327,
    0.023180315621578407,
    0.02305421475714888
  ],
  "val_loss": [
    0.06943066311958349,
    0.05077999789982728,
    0.043422068542549416,
    0.038650514886673475,
    0.03504372968305628,
    0.03293766490802512,
    0.03328671136979693,
    0.02894955548863932,
    0.0292250520779019,
    0.02889940131605147,
    0.027507795477851732,
    0.026777708829202645,
    0.032083266689196345,
    0.025289497053114177,
    0.029496102197669682,
    0.02741566772967843,
    0.025997574764789467,
    0.024244423012502844,
    0.024902356533581166,
    0.024016777685600517,
    0.024420479390151746,
    0.023820139832507966,
    0.026784641022142862,
    0.023962334952738296,
    0.02436349958238791,
    0.024424335573239687,
    0.022489311636299466,
    0.0233745920493384,
    0.023861450433182458,
    0.021894066169803078,
    0.02220039035566207,
    0.02260869038637061,
    0.02199881652604823,
    0.022466976800115748,
    0.022267088294701264
  ]
}