{
  "train_loss": [
    0.22058653834389227,
    0.05620823548965733,
    0.04736590230547094,
    0.04113764928614641,
    0.03591042089800854,
    0.03348071246356487,
    0.031661674471279704,
    0.03002542164001776,
    0.02864457965862285,
    0.02795678101222945,
    0.027497863498949768,
    0.027022706841097265,
    0.02659094558247716,
    0.026163359704328752,
    0.02611772699902691,
    0.025998722598840042,
    0.025805347776059976,
    0.025462742233045847,
    0.025422287144490265,
    0.025078333627224832,
    0.025285578711381693,
    0.02509154075221053,
    0.025078399810869765,
    0.02499975276259305,
    0.025009786600530867,
    0.0248934449813195,
    0.024619373890650595,
    0.024514220778614343,
    0.024599821536410955,
    0.024675745846546568
  ],
  "val_loss": [
    0.06648815522116786,
    0.04825290405591081,
    0.043929037625218964,
    0.03623711009296624,
    0.03379341427490654,
    0.03169566739746828,
    0.03049589941595732,
    0.03096933833870104,
    0.029901898665401033,
    0.029620327122162338,
    0.028413766154358328,
    0.027399971365741408,
    0.02727776320564549,
    0.0330476310593861,
    0.03180178044683645,
    0.030063429115334994,
    0.03319071646543481,
    0.02651928613823887,
    0.0269098596465,
    0.029481767906760954,
    0.03317665693509004,
    0.02972439012645915,
    0.02511340409995945,
    0.024876562091100382,
    0.024669499262729464,
    0.026555111263685406,
    0.02703840303574155,
    0.025252033006349425,
    0.025039474400724585,
    0.03217259977199405
  ]
}