{
  "train_loss": [
    0.02529880117864289,
    0.01911684563351976,
    0.018680922238044503,
    0.018439398925150105,
    0.018305675589565945,
    0.01820703239409552,
    0.01812832211776861,
    0.018053480948567978
  ],
  "val_loss": [
    0.020267698489657357,
    0.0332630718931386,
    0.01893567150609248,
    0.020211278864026055,
    0.031886146493428025,
    0.02097961327298205,
    0.01999274730110945,
    0.01975167279782427
  ]
}