{
  "train_loss": [
    0.33883631750393106,
    0.16394733642836848,
    0.14869456785364518,
    0.14171123456878304,
    0.13643327362590124,
    0.13220244746086696,
    0.13146834107038385,
    0.13034495453718908,
    0.12488810967268257,
    0.1195611261448575,
    0.11512288482703018,
    0.1148538916924261,
    0.11030894816918763,
    0.10995280934765911,
    0.10815706143286133,
    0.10841054137875113,
    0.11021960635922709,
    0.1045784622639094,
    0.10522064710965576
  ],
  "val_loss": [
    0.1808298817095036,
    0.1631842642854182,
    0.1454860334576094,
    0.14550317077107133,
    0.13425140910108305,
    0.13375540181593226,
    0.1276028981152448,
    0.12363538568146944,
    0.12424390597818936,
    0.11892342758266602,
    0.12415934685023733,
    0.11129233778062472,
    0.11047296476591145,
    0.10741706976226846,
    0.11190603029559495,
    0.12106571617850286,
    0.10935645889519183,
    0.10967688215388754,
    0.11640476009335278
  ]
}