{
  "train_loss": [
    0.6340554604927698,
    0.3656844173868497,
    0.17831627652049065,
    0.10891930696864922,
    0.09304487518966198,
    0.08730852666000526,
    0.08699337765574455,
    0.08565986591080825,
    0.08489545807242393,
    0.08311003136138122,
    0.081619868054986,
    0.08012522694965203,
    0.07769839403529961,
    0.07621352933347225,
    0.07585199922323227,
    0.07326886368294556,
    0.07367114412287872,
    0.07269078679382801,
    0.07035123494764169,
    0.07005783542990685,
    0.06879701651632786,
    0.06942686438560486,
    0.0659407190978527,
    0.0668527465313673,
    0.0659355375294884,
    0.0645324345678091,
    0.06451106909662485,
    0.06389392539858818,
    0.06361696807046731,
    0.0631337957456708,
    0.06233410226802031,
    0.06284596212208271,
    0.06159501398603121,
    0.06216525969405969,
    0.060682336489359535,
    0.060077547716597714,
    0.06021630857139826,
    0.06039832656582197,
    0.05989339885612329,
    0.05920997386177381,
    0.05780959750215212,
    0.05866960777590672,
    0.05788651636491219,
    0.05798680676768223,
    0.05747008634110292,
    0.05634977792700132,
    0.056760904379189014,
    0.056584056156376995,
    0.057507737229267754,
    0.05504802397141854
  ],
  "val_loss": [
    0.5929277737935384,
    0.3355591992537181,
    0.16060092548529306,
    0.10640307515859604,
    0.09460047135750453,
    0.09635960807402928,
    0.08992880086104076,
    0.0874696026245753,
    0.0816417932510376,
    0.0791211227575938,
    0.07888800154129665,
    0.08061739802360535,
    0.07911580304304759,
    0.07722365856170654,
    0.07149865726629893,
    0.07424583534399669,
    0.07244113832712173,
    0.07117115457852681,
    0.07453766961892445,
    0.06955442825953166,
    0.07224804659684499,
    0.06770609070857365,
    0.0672186811765035,
    0.06458043555418651,
    0.0632849857211113,
    0.06284097706278165,
    0.06545376529296239,
    0.06578209499518077,
    0.06143492708603541,
    0.06335879862308502,
    0.06337655459841092,
    0.061771005392074585,
    0.061425051341454186,
    0.061424014468987785,
    0.0597698005537192,
    0.05917125071088473,
    0.06074889128406843,
    0.0575118288397789,
    0.05816550925374031,
    0.060700523356596627,
    0.05849107727408409,
    0.056663259863853455,
    0.05840069800615311,
    0.056681243081887565,
    0.056581608951091766,
    0.05552389224370321,
    0.05601813395818075,
    0.05564114327232043,
    0.0574334387977918,
    0.0535886250436306
  ]
}