{
  "train_loss": [
    0.36569097023958613,
    0.18415219848546685,
    0.1694823152400531,
    0.16075810379934866,
    0.1512628658640065,
    0.14333906328929974,
    0.13958470888773344,
    0.13631925630490832,
    0.1340693294655627,
    0.13204182798458464,
    0.13184502903392575,
    0.13038495762474764,
    0.13096635250538857,
    0.12626235836644056,
    0.1288719221780249,
    0.1289142531294133,
    0.13072889082845862,
    0.13143774473768066
  ],
  "val_loss": [
    0.18946405702089383,
    0.16988037801087058,
    0.16695803325353886,
    0.1547012106468937,
    0.14496119002270888,
    0.14516040347456818,
    0.13684437851282294,
    0.13736574172184934,
    0.13144693841494115,
    0.13258334234942148,
    0.13328597388721403,
    0.13220342179292122,
    0.12788400091217958,
    0.12936984581251107,
    0.12893156071761117,
    0.128570389152122,
    0.1290414156363718,
    0.1299639914588635
  ]
}