{
  "train_loss": [
    0.1538662345134164,
    0.13409924208805327,
    0.1316855071025538,
    0.13029980265773655,
    0.1297164045048182,
    0.12875118054669868,
    0.12775412904422018,
    0.12735693339036677,
    0.1265951824446265,
    0.12625651748209146,
    0.125920162535842,
    0.12519687694530757,
    0.12492029673448346,
    0.12452287388935998,
    0.12445648384495524,
    0.12387490992388885,
    0.12359182831941581,
    0.12335045819832864,
    0.12298528647187783,
    0.12257181342038531,
    0.12213501898753559,
    0.1224504799162449,
    0.12169551252799411,
    0.1215560283301906,
    0.1213650162988984,
    0.12143890314766514,
    0.12078786411532477,
    0.12105523049676044,
    0.12110513104688078,
    0.12073986284780655,
    0.12045666914195184,
    0.12012935043938357,
    0.12005138876300094,
    0.1198337699291327,
    0.11949936830255845,
    0.11996842229104829,
    0.11832389560233056,
    0.11874566842309468,
    0.11881056371309572,
    0.11826664671176386,
    0.11789944078939103,
    0.1177438787560902,
    0.1179817415304204,
    0.11783144218563049,
    0.11747013878030221
  ],
  "val_loss": [
    0.13523861018427782,
    0.13109822359156745,
    0.13030830222021225,
    0.12848257395153242,
    0.12802806841397651,
    0.12848187488135457,
    0.1259821010803084,
    0.12623991751296998,
    0.1267637370561548,
    0.12537694232103463,
    0.12517762292013201,
    0.1242723397940377,
    0.12560620156989974,
    0.12418921655928052,
    0.12453299563583059,
    0.124103127285712,
    0.12350179396692833,
    0.12313237282525892,
    0.12295730306974839,
    0.12246416102567696,
    0.12280567914337712,
    0.12208528189673638,
    0.12194621885677472,
    0.12202734530058569,
    0.12160904865038583,
    0.1215712714706798,
    0.12054174952724023,
    0.12154694492688663,
    0.1207178411839705,
    0.12039715077023369,
    0.120694110170565,
    0.1193292146255598,
    0.1207247366372918,
    0.1206006877932873,
    0.11998625199337341,
    0.12035499680648618,
    0.1192510992000733,
    0.11920151185368581,
    0.11938924631829569,
    0.11777108047453559,
    0.11821666847677488,
    0.11890983996311143,
    0.11869315003397884,
    0.11881511791727353,
    0.11880879939158559
  ],
  "learning_rate": [
    0.01,
    0.01,
    0.01,
    0.01,
    0.01,
    0.01,
    0.01,
    0.01,
    0.01,
    0.01,
    0.01,
    0.01,
    0.01,
    0.01,
    0.01,
    0.01,
    0.01,
    0.01,
    0.01,
    0.01,
    0.01,
    0.01,
    0.01,
    0.01,
    0.01,
    0.01,
    0.01,
    0.01,
    0.01,
    0.01,
    0.01,
    0.01,
    0.01,
    0.01,
    0.01,
    0.01,
    0.005,
    0.005,
    0.005,
    0.005,
    0.005,
    0.005,
    0.005,
    0.005,
    0.0025
  ]
}