{
  "train_loss": [
    0.09144864473459637,
    0.07072896348527345,
    0.06728108913616161,
    0.06518002045462715,
    0.06380637285883632,
    0.06284744905942924,
    0.06193629367148141,
    0.06151520125210586,
    0.06083386369571824,
    0.060509478074354334,
    0.06000288911937308,
    0.05974933574549491,
    0.059251339594959866,
    0.05915040835997891,
    0.0586944817149475,
    0.058597932257831546,
    0.05865464609734864,
    0.05836859986951959,
    0.057927212882129,
    0.0577636374189913,
    0.05817929928592592,
    0.057460605248992914,
    0.05753898692228951,
    0.05729870174874826,
    0.05728398748585169,
    0.05669212871172939,
    0.05700602213784302,
    0.05706823532732736,
    0.05674263848296946,
    0.056620354303280176,
    0.05621870607904975,
    0.05589303125868678,
    0.05603804684356845
  ],
  "val_loss": [
    0.07026020193049634,
    0.06497023112305048,
    0.0648079235952427,
    0.06219965514140398,
    0.06084450617180903,
    0.06058886613660941,
    0.06069167113275838,
    0.06024572124773767,
    0.05980448723230148,
    0.05904116142302575,
    0.058664751852066065,
    0.05896129547702381,
    0.05952282195421695,
    0.0587663200660702,
    0.05857803579942107,
    0.05876685538700902,
    0.058223603796652916,
    0.05843234723485949,
    0.05865692588242706,
    0.058217630635648034,
    0.05814193908157708,
    0.05781425919558381,
    0.05821554886496842,
    0.05848109294588862,
    0.059996214270342234,
    0.05769694441561334,
    0.05848560762819613,
    0.05741764697086353,
    0.05836200537148248,
    0.05804929376509975,
    0.05887081693786288,
    0.0585249819741041,
    0.0578380773455392
  ]
}