{
  "train_loss": [
    0.9993211941012774,
    0.42723322211806486,
    0.19239812698606554,
    0.15445043677544268,
    0.15276286751555998,
    0.14727953900949622,
    0.14254270217254808,
    0.13608536473211,
    0.13748307190831754,
    0.13114082081826692,
    0.13018804258851813,
    0.1273674509108708,
    0.12371941220902098,
    0.12388685641709686,
    0.12198630658081218,
    0.11907741555170696,
    0.11932747588629782,
    0.1162534210787834,
    0.11293996940200678,
    0.11031881975145491,
    0.11078691318808316,
    0.10968212915488677,
    0.10944746695891223,
    0.10804450816074718,
    0.1053289110891309,
    0.10365978658155041,
    0.10385604714325242,
    0.10127969995252863,
    0.1020108796352062,
    0.09973916758459518,
    0.10107526987546527,
    0.0992815252196182,
    0.0981677919004965,
    0.09808485989282552,
    0.0971258378377207,
    0.09687392221616557,
    0.09462039060476274,
    0.09411002548681185,
    0.09289866488264698,
    0.09276423949385741,
    0.09175418563658716,
    0.09162060769790954,
    0.09279751397094639,
    0.09015056212294742,
    0.08993896286753676,
    0.08711098383009946,
    0.09180433051517989,
    0.09050271263681314,
    0.09130327159719631,
    0.09063669675132825
  ],
  "val_loss": [
    0.9132848679635871,
    0.34444518272377206,
    0.19121302153782913,
    0.15577999726727088,
    0.15330266154216074,
    0.15055055544238913,
    0.13753650982472373,
    0.1398228780550178,
    0.12901517639177976,
    0.13127212562887533,
    0.12960631016694857,
    0.12338898934387577,
    0.11791385127350017,
    0.12119585312639707,
    0.12217892555958297,
    0.1170427024936711,
    0.11386362281632094,
    0.11134559532446837,
    0.12257312307702091,
    0.11477690477496193,
    0.10917635697486579,
    0.10954721819694484,
    0.10384230626871854,
    0.10386213795259802,
    0.10615186116807047,
    0.1023012336306733,
    0.10278757719809138,
    0.1066956851718112,
    0.1004500207916784,
    0.0986748903714353,
    0.09994636504848205,
    0.09467641215687124,
    0.10016463264710779,
    0.0987103431302434,
    0.09369140805329805,
    0.09631013952017485,
    0.09343437102261416,
    0.09014777586895593,
    0.09211465991499139,
    0.09191210677891481,
    0.08826848301716289,
    0.0952621796390875,
    0.09124086699290462,
    0.09112341653115393,
    0.08556043167564571,
    0.08868520294823316,
    0.0888302727739455,
    0.08582419751233995,
    0.08613804775744167,
    0.09030015343454566
  ]
}