{
  "train_loss": [
    0.2576022256910087,
    0.11574659699965621,
    0.09445773158290018,
    0.08716522658323612,
    0.08259727604484758,
    0.08009922985419242,
    0.07806198454123929,
    0.07790279348505652,
    0.07739519416874653,
    0.07643098782084215,
    0.0749449597094951,
    0.07530081785591357,
    0.07470950163142606,
    0.07481422730468386,
    0.07419265681009288,
    0.07362176996613895,
    0.07313772313470635,
    0.07328443715702922,
    0.07318050875562657,
    0.07332412819862248
  ],
  "val_loss": [
    0.1289915582168587,
    0.09976505387159722,
    0.08687295044948268,
    0.08186938169745969,
    0.07912639523251748,
    0.08057245745739974,
    0.0775641440255196,
    0.07659375636291811,
    0.0747084178841355,
    0.07631498553097289,
    0.08184187192098917,
    0.07246312561148428,
    0.07217059276083458,
    0.08961394677482694,
    0.06977520455175425,
    0.07235151470719263,
    0.07212474201655628,
    0.07632986082233896,
    0.07585174048120483,
    0.07222629745553627
  ]
}